{
    "Kolkata": [22.562657, 88.363044],
    "Jaipur": [26.913312, 75.787872],
    "Chennai": [13.084622, 80.248357],
    "Delhi": [28.651952, 77.231495],
    "Bangalore": [12.977063, 77.587106],
    "Rajkot": [22.291606, 70.793217],
    "Indore": [22.717736, 75.85859],
    "Gangtok": [27.325739, 88.612155],
    "Nagpur": [21.143781, 79.083838],
    "Kochi": [9.947743, 76.253802],
    "Pune": [18.513271, 73.849852],
    "Guwahati": [26.176076,	91.762932],
    "Panaji": [15.498289, 73.824541]
}
